[
  {
    "model": "shop.product",
    "pk": 1,
    "fields": {
      "title_seo": "Title Seo [ru]",
      "title_seo_ru": "Title Seo [ru]",
      "title_seo_en": "Title Seo [en]",
      "meta_keywords": "Keywords [ru]",
      "meta_keywords_ru": "Keywords [ru]",
      "meta_keywords_en": "Keywords [en]",
      "meta_description": "Description [ru]",
      "meta_description_ru": "Description [ru]",
      "meta_description_en": "Description [en]",
      "created_at": "2020-01-05T23:45:41.401Z",
      "update_at": "2020-02-25T17:28:53.773Z",
      "image_preview": "Snapseed.jpg",
      "image_alt": "Images Alt",
      "title": "\u0427\u0435\u0431\u0443\u0440\u0430\u0448\u043a\u0430",
      "title_ru": "\u0427\u0435\u0431\u0443\u0440\u0430\u0448\u043a\u0430",
      "title_en": "Cheburashka",
      "code": 10001,
      "slug": "cheburashka",
      "is_active": true,
      "description": "<p>\u041e\u043f\u0438\u0441\u0430\u043d\u0438\u0435</p>",
      "description_ru": "<p>\u041e\u043f\u0438\u0441\u0430\u043d\u0438\u0435</p>",
      "description_en": "<p>Description</p>",
      "price_currency": "RUB",
      "price": "12300.00",
      "sale_currency": "RUB",
      "sale": "1233.00",
      "count": 1,
      "type_product": "\u0412\u044f\u0437\u0430\u043d\u0430\u044f \u0438\u0433\u0440\u0443\u0448\u043a\u0430",
      "type_product_ru": "\u0412\u044f\u0437\u0430\u043d\u0430\u044f \u0438\u0433\u0440\u0443\u0448\u043a\u0430",
      "type_product_en": "Knits toy",
      "material": "\u0425\u043b\u043e\u043f\u043e\u043a",
      "material_ru": "\u0425\u043b\u043e\u043f\u043e\u043a",
      "material_en": "wolf",
      "included": "Included [ru]",
      "included_ru": "Included [ru]",
      "included_en": "Included [en]",
      "height": 120,
      "weight": 20,
      "author": 1,
      "colors": [
        1
      ],
      "categories": [
        1
      ]
    }
  },
  {
    "model": "shop.product",
    "pk": 2,
    "fields": {
      "title_seo": "Title Seo [ru]",
      "title_seo_ru": "Title Seo [ru]",
      "title_seo_en": "Title Seo [en]",
      "meta_keywords": "Keywords [ru]",
      "meta_keywords_ru": "Keywords [ru]",
      "meta_keywords_en": "Keywords [en]",
      "meta_description": "Description [ru]",
      "meta_description_ru": "Description [ru]",
      "meta_description_en": "Description [en]",
      "created_at": "2020-01-06T09:18:40.030Z",
      "update_at": "2020-02-25T17:30:04.046Z",
      "image_preview": "Snapseed_12.jpg",
      "image_alt": "Images Alt",
      "title": "\u041b\u0435\u0432",
      "title_ru": "\u041b\u0435\u0432",
      "title_en": "Leo",
      "code": 10003,
      "slug": "leo",
      "is_active": true,
      "description": "<p>\u041e\u043f\u0438\u0441\u0430\u043d\u0438\u0435 \u0431\u043e\u043b\u0435\u0435 \u0431\u043e\u043b\u044c\u0448\u043e\u0435 \u0447\u0435\u043c \u043e\u0431\u044b\u0447\u043d\u043e, \u0447\u0442\u043e\u0431\u044b \u0432\u0438\u0434\u0435\u0442\u044c \u0441\u043a\u043e\u043b\u044c\u043a\u043e&nbsp; \u0441\u0438\u043c\u0432\u043e\u043b\u043e\u0432 \u043c\u043e\u0436\u043d\u043e \u0443\u0432\u0435\u0441\u0442\u0438\u0442\u044c \u0432 \u043f\u0440\u0435\u0432\u044c\u044e, \u043d\u0443\u0436\u043d\u043e \u043a\u0430\u043a\u0443\u044e \u0442\u043e \u0447\u0430\u0441\u0442\u044c \u0432\u0441\u0435\u0433\u043e , \u0434\u0430\u043b\u044c\u0448\u0435 \u0431\u0443\u0434\u0443\u0442 \u043f\u0440\u043e\u0441\u0442\u043e \u043d\u0430\u0431\u043e\u0440 \u0431\u0443\u043a\u0432 \u0434\u043b\u044f \u043c\u0430\u0441\u0441\u043e\u0432\u043e\u0441\u0442\u0438, \u0430\u043f\u0442\u0435\u043a\u0430 \u0443\u043b\u0438\u0446\u0430 \u0444\u043e\u043d\u0430\u0440\u044c</p>\r\n\r\n<p>&nbsp;</p>",
      "description_ru": "<p>\u041e\u043f\u0438\u0441\u0430\u043d\u0438\u0435 \u0431\u043e\u043b\u0435\u0435 \u0431\u043e\u043b\u044c\u0448\u043e\u0435 \u0447\u0435\u043c \u043e\u0431\u044b\u0447\u043d\u043e, \u0447\u0442\u043e\u0431\u044b \u0432\u0438\u0434\u0435\u0442\u044c \u0441\u043a\u043e\u043b\u044c\u043a\u043e&nbsp; \u0441\u0438\u043c\u0432\u043e\u043b\u043e\u0432 \u043c\u043e\u0436\u043d\u043e \u0443\u0432\u0435\u0441\u0442\u0438\u0442\u044c \u0432 \u043f\u0440\u0435\u0432\u044c\u044e, \u043d\u0443\u0436\u043d\u043e \u043a\u0430\u043a\u0443\u044e \u0442\u043e \u0447\u0430\u0441\u0442\u044c \u0432\u0441\u0435\u0433\u043e , \u0434\u0430\u043b\u044c\u0448\u0435 \u0431\u0443\u0434\u0443\u0442 \u043f\u0440\u043e\u0441\u0442\u043e \u043d\u0430\u0431\u043e\u0440 \u0431\u0443\u043a\u0432 \u0434\u043b\u044f \u043c\u0430\u0441\u0441\u043e\u0432\u043e\u0441\u0442\u0438, \u0430\u043f\u0442\u0435\u043a\u0430 \u0443\u043b\u0438\u0446\u0430 \u0444\u043e\u043d\u0430\u0440\u044c</p>\r\n\r\n<p>&nbsp;</p>",
      "description_en": "<p>Lorem ipsum dolor sit amet, consectetuer adipiscing elit. Maecenas feugiat consequat diam. Maecenas metus. Vivamus diam purus, cursus a, commodo non, facilisis vitae, nulla. Aenean dictum lacinia tortor. Nunc iaculis, nibh non iaculis aliquam, orci felis euismod neque, sed ornare massa mauris sed velit. Nulla pretium mi et risus. Fusce mi pede, tempor id, cursus ac, ullamcorper nec, enim. Sed tortor. Curabitur molestie. Duis velit augue, condimentum at, ultrices a, luctus ut, orci. Donec pellentesque egestas eros. Integer cursus, augue in cursus faucibus, eros pede bibendum sem, in tempus tellus justo quis ligula. Etiam eget tortor. Vestibulum rutrum, est ut placerat elementum, lectus nisl aliquam velit, tempor aliquam eros nunc nonummy metus. In eros metus, gravida a, gravida sed, lobortis id, turpis. Ut ultrices, ipsum at venenatis fringilla, sem nulla lacinia tellus, eget aliquet turpis mauris non enim. Nam turpis. Suspendisse lacinia. Curabitur ac tortor ut ipsum egestas elementum. Nunc imperdiet gravida mauris.</p>",
      "price_currency": "RUB",
      "price": "122300.00",
      "sale_currency": "RUB",
      "sale": "12233.00",
      "count": 1,
      "type_product": "\u0412\u044f\u0437\u0430\u043d\u0430\u044f \u0438\u0433\u0440\u0443\u0448\u043a\u0430",
      "type_product_ru": "\u0412\u044f\u0437\u0430\u043d\u0430\u044f \u0438\u0433\u0440\u0443\u0448\u043a\u0430",
      "type_product_en": "Knits toy",
      "material": "\u0425\u043b\u043e\u043f\u043e\u043a",
      "material_ru": "\u0425\u043b\u043e\u043f\u043e\u043a",
      "material_en": "wolf",
      "included": "Included [ru]",
      "included_ru": "Included [ru]",
      "included_en": "Included [en]",
      "height": 120,
      "weight": 20,
      "author": 1,
      "colors": [
        1,
        2
      ],
      "categories": [
        1
      ]
    }
  },
  {
    "model": "shop.product",
    "pk": 3,
    "fields": {
      "title_seo": "Title Seo [ru]",
      "title_seo_ru": "Title Seo [ru]",
      "title_seo_en": "Title Seo [en]",
      "meta_keywords": "Keywords [ru]",
      "meta_keywords_ru": "Keywords [ru]",
      "meta_keywords_en": "Keywords [en]",
      "meta_description": "Description [ru]",
      "meta_description_ru": "Description [ru]",
      "meta_description_en": "Description [en]",
      "created_at": "2020-01-06T09:22:04.120Z",
      "update_at": "2020-02-25T17:29:42.897Z",
      "image_preview": "Snapseed_5.jpg",
      "image_alt": "Images Alt",
      "title": "\u041f\u0440\u044f\u0436\u0430 \u0438\u0437 \u0436\u043e\u043f\u044b \u0434\u0440\u0430\u043a\u043e\u043d\u0430",
      "title_ru": "\u041f\u0440\u044f\u0436\u0430 \u0438\u0437 \u0436\u043e\u043f\u044b \u0434\u0440\u0430\u043a\u043e\u043d\u0430",
      "title_en": "Knits from ass dragon",
      "code": 10002,
      "slug": "knits",
      "is_active": true,
      "description": "<p>\u041e\u043f\u0438\u0441\u0430\u043d\u0438e \u041f\u0440\u044f\u0436\u0438 , \u041f\u0440\u044f\u0436\u0430 \u0441\u0443\u043f\u0435\u0440 \u043f\u0440\u043e\u0441\u0442\u043e \u043d\u0435\u0442 \u0441\u043b\u043e\u0432</p>\r\n\r\n<p>&nbsp;</p>",
      "description_ru": "<p>\u041e\u043f\u0438\u0441\u0430\u043d\u0438e \u041f\u0440\u044f\u0436\u0438 , \u041f\u0440\u044f\u0436\u0430 \u0441\u0443\u043f\u0435\u0440 \u043f\u0440\u043e\u0441\u0442\u043e \u043d\u0435\u0442 \u0441\u043b\u043e\u0432</p>\r\n\r\n<p>&nbsp;</p>",
      "description_en": "<p>Lorem ipsum dolor sit amet, consectetuer adipiscing elit. Maecenas feugiat consequat diam. Maecenas metus. Vivamus diam purus, cursus a, commodo non, facilisis vitae, nulla. Aenean dictum lacinia tortor. Nunc iaculis, nibh non iaculis aliquam, orci felis euismod neque, sed ornare massa mauris sed velit. Nulla pretium mi et risus. Fusce mi pede, tempor id, cursus ac, ullamcorper nec, enim. Sed tortor. Curabitur molestie. Duis velit augue, condimentum at, ultrices a, luctus ut, orci. Donec pellentesque egestas eros. Integer cursus, augue in cursus faucibus, eros pede bibendum sem, in tempus tellus justo quis ligula. Etiam eget tortor. Vestibulum rutrum, est ut placerat elementum, lectus nisl aliquam velit, tempor aliquam eros nunc nonummy metus. In eros metus, gravida a, gravida sed, lobortis id, turpis. Ut ultrices, ipsum at venenatis fringilla, sem nulla lacinia tellus, eget aliquet turpis mauris non enim. Nam turpis. Suspendisse lacinia. Curabitur ac tortor ut ipsum egestas elementum. Nunc imperdiet gravida mauris.</p>",
      "price_currency": "RUB",
      "price": "122300.00",
      "sale_currency": "USD",
      "sale": "12233.00",
      "count": 1,
      "type_product": "\u0412\u044f\u0437\u0430\u043d\u0430\u044f \u0438\u0433\u0440\u0443\u0448\u043a\u0430",
      "type_product_ru": "\u0412\u044f\u0437\u0430\u043d\u0430\u044f \u0438\u0433\u0440\u0443\u0448\u043a\u0430",
      "type_product_en": "Knits toy",
      "material": "\u0425\u043b\u043e\u043f\u043e\u043a",
      "material_ru": "\u0425\u043b\u043e\u043f\u043e\u043a",
      "material_en": "wolf",
      "included": "Included [ru]",
      "included_ru": "Included [ru]",
      "included_en": "Included [en]",
      "height": 120,
      "weight": 20,
      "author": 1,
      "colors": [
        1,
        2
      ],
      "categories": [
        2
      ]
    }
  },
  {
    "model": "shop.product",
    "pk": 4,
    "fields": {
      "title_seo": "Title Seo [ru] \u041e\u043f\u0438\u0441\u0430\u043d\u0438e \u0441\u043c\u0435\u043c\u044b",
      "title_seo_ru": "Title Seo [ru] \u041e\u043f\u0438\u0441\u0430\u043d\u0438e \u0441\u043c\u0435\u043c\u044b",
      "title_seo_en": "Title Seo [en]",
      "meta_keywords": "Keywords [ru] \u041e\u043f\u0438\u0441\u0430\u043d\u0438e \u0441\u043c\u0435\u043c\u044b,",
      "meta_keywords_ru": "Keywords [ru] \u041e\u043f\u0438\u0441\u0430\u043d\u0438e \u0441\u043c\u0435\u043c\u044b,",
      "meta_keywords_en": "Keywords [en]",
      "meta_description": "Description [ru]",
      "meta_description_ru": "Description [ru]",
      "meta_description_en": "Description [en]",
      "created_at": "2020-01-06T10:55:52.187Z",
      "update_at": "2020-02-25T17:29:24.215Z",
      "image_preview": "Snapseed_8.jpg",
      "image_alt": "Images Alt",
      "title": "\u0421\u0445\u0435\u043c\u0430 \u043d\u043e\u0441\u043a\u043e\u0432",
      "title_ru": "\u0421\u0445\u0435\u043c\u0430 \u043d\u043e\u0441\u043a\u043e\u0432",
      "title_en": "pattent noskov",
      "code": 10005,
      "slug": "pattents",
      "is_active": true,
      "description": "<p>\u041e\u043f\u0438\u0441\u0430\u043d\u0438e \u0441\u043c\u0435\u043c\u044b,&nbsp;\u041e\u043f\u0438\u0441\u0430\u043d\u0438e \u0441\u043c\u0435\u043c\u044b,&nbsp;\u041e\u043f\u0438\u0441\u0430\u043d\u0438e \u0441\u043c\u0435\u043c\u044b,&nbsp;\u041e\u043f\u0438\u0441\u0430\u043d\u0438e \u0441\u043c\u0435\u043c\u044b,&nbsp;\u041e\u043f\u0438\u0441\u0430\u043d\u0438e \u0441\u043c\u0435\u043c\u044b,&nbsp;\u041e\u043f\u0438\u0441\u0430\u043d\u0438e \u0441\u043c\u0435\u043c\u044b,&nbsp;\u041e\u043f\u0438\u0441\u0430\u043d\u0438e \u0441\u043c\u0435\u043c\u044b,&nbsp;\u041e\u043f\u0438\u0441\u0430\u043d\u0438e \u0441\u043c\u0435\u043c\u044b,&nbsp;\u041e\u043f\u0438\u0441\u0430\u043d\u0438e \u0441\u043c\u0435\u043c\u044b,&nbsp;\u041e\u043f\u0438\u0441\u0430\u043d\u0438e \u0441\u043c\u0435\u043c\u044b,&nbsp;\u041e\u043f\u0438\u0441\u0430\u043d\u0438e \u0441\u043c\u0435\u043c\u044b,&nbsp;\u041e\u043f\u0438\u0441\u0430\u043d\u0438e \u0441\u043c\u0435\u043c\u044b,&nbsp;\u041e\u043f\u0438\u0441\u0430\u043d\u0438e \u0441\u043c\u0435\u043c\u044b,&nbsp;\u041e\u043f\u0438\u0441\u0430\u043d\u0438e \u0441\u043c\u0435\u043c\u044b,&nbsp;\u041e\u043f\u0438\u0441\u0430\u043d\u0438e \u0441\u043c\u0435\u043c\u044b,&nbsp;\u041e\u043f\u0438\u0441\u0430\u043d\u0438e \u0441\u043c\u0435\u043c\u044b,&nbsp;\u041e\u043f\u0438\u0441\u0430\u043d\u0438e \u0441\u043c\u0435\u043c\u044b,&nbsp;\u041e\u043f\u0438\u0441\u0430\u043d\u0438e \u0441\u043c\u0435\u043c\u044b,&nbsp;\u041e\u043f\u0438\u0441\u0430\u043d\u0438e \u0441\u043c\u0435\u043c\u044b,&nbsp;\u041e\u043f\u0438\u0441\u0430\u043d\u0438e \u0441\u043c\u0435\u043c\u044b,&nbsp;\u041e\u043f\u0438\u0441\u0430\u043d\u0438e \u0441\u043c\u0435\u043c\u044b,&nbsp;\u041e\u043f\u0438\u0441\u0430\u043d\u0438e \u0441\u043c\u0435\u043c\u044b,&nbsp;</p>\r\n\r\n<p>&nbsp;</p>",
      "description_ru": "<p>\u041e\u043f\u0438\u0441\u0430\u043d\u0438e \u0441\u043c\u0435\u043c\u044b,&nbsp;\u041e\u043f\u0438\u0441\u0430\u043d\u0438e \u0441\u043c\u0435\u043c\u044b,&nbsp;\u041e\u043f\u0438\u0441\u0430\u043d\u0438e \u0441\u043c\u0435\u043c\u044b,&nbsp;\u041e\u043f\u0438\u0441\u0430\u043d\u0438e \u0441\u043c\u0435\u043c\u044b,&nbsp;\u041e\u043f\u0438\u0441\u0430\u043d\u0438e \u0441\u043c\u0435\u043c\u044b,&nbsp;\u041e\u043f\u0438\u0441\u0430\u043d\u0438e \u0441\u043c\u0435\u043c\u044b,&nbsp;\u041e\u043f\u0438\u0441\u0430\u043d\u0438e \u0441\u043c\u0435\u043c\u044b,&nbsp;\u041e\u043f\u0438\u0441\u0430\u043d\u0438e \u0441\u043c\u0435\u043c\u044b,&nbsp;\u041e\u043f\u0438\u0441\u0430\u043d\u0438e \u0441\u043c\u0435\u043c\u044b,&nbsp;\u041e\u043f\u0438\u0441\u0430\u043d\u0438e \u0441\u043c\u0435\u043c\u044b,&nbsp;\u041e\u043f\u0438\u0441\u0430\u043d\u0438e \u0441\u043c\u0435\u043c\u044b,&nbsp;\u041e\u043f\u0438\u0441\u0430\u043d\u0438e \u0441\u043c\u0435\u043c\u044b,&nbsp;\u041e\u043f\u0438\u0441\u0430\u043d\u0438e \u0441\u043c\u0435\u043c\u044b,&nbsp;\u041e\u043f\u0438\u0441\u0430\u043d\u0438e \u0441\u043c\u0435\u043c\u044b,&nbsp;\u041e\u043f\u0438\u0441\u0430\u043d\u0438e \u0441\u043c\u0435\u043c\u044b,&nbsp;\u041e\u043f\u0438\u0441\u0430\u043d\u0438e \u0441\u043c\u0435\u043c\u044b,&nbsp;\u041e\u043f\u0438\u0441\u0430\u043d\u0438e \u0441\u043c\u0435\u043c\u044b,&nbsp;\u041e\u043f\u0438\u0441\u0430\u043d\u0438e \u0441\u043c\u0435\u043c\u044b,&nbsp;\u041e\u043f\u0438\u0441\u0430\u043d\u0438e \u0441\u043c\u0435\u043c\u044b,&nbsp;\u041e\u043f\u0438\u0441\u0430\u043d\u0438e \u0441\u043c\u0435\u043c\u044b,&nbsp;\u041e\u043f\u0438\u0441\u0430\u043d\u0438e \u0441\u043c\u0435\u043c\u044b,&nbsp;\u041e\u043f\u0438\u0441\u0430\u043d\u0438e \u0441\u043c\u0435\u043c\u044b,&nbsp;</p>\r\n\r\n<p>&nbsp;</p>",
      "description_en": "<p>Lorem ipsum dolor sit amet, consectetuer adipiscing elit. Maecenas feugiat consequat diam. Maecenas metus. Vivamus diam purus, cursus a, commodo non, facilisis vitae, nulla. Aenean dictum lacinia tortor. Nunc iaculis, nibh non iaculis aliquam, orci felis euismod neque, sed ornare massa mauris sed velit. Nulla pretium mi et risus. Fusce mi pede, tempor id, cursus ac, ullamcorper nec, enim. Sed tortor. Curabitur molestie. Duis velit augue, condimentum at, ultrices a, luctus ut, orci. Donec pellentesque egestas eros. Integer cursus, augue in cursus faucibus, eros pede bibendum sem, in tempus tellus justo quis ligula. Etiam eget tortor. Vestibulum rutrum, est ut placerat elementum, lectus nisl aliquam velit, tempor aliquam eros nunc nonummy metus. In eros metus, gravida a, gravida sed, lobortis id, turpis. Ut ultrices, ipsum at venenatis fringilla, sem nulla lacinia tellus, eget aliquet turpis mauris non enim. Nam turpis. Suspendisse lacinia. Curabitur ac tortor ut ipsum egestas elementum. Nunc imperdiet gravida mauris.</p>",
      "price_currency": "USD",
      "price": "1222300.00",
      "sale_currency": "USD",
      "sale": "12233.00",
      "count": 1,
      "type_product": "\u0412\u044f\u0437\u0430\u043d\u0430\u044f \u0438\u0433\u0440\u0443\u0448\u043a\u0430",
      "type_product_ru": "\u0412\u044f\u0437\u0430\u043d\u0430\u044f \u0438\u0433\u0440\u0443\u0448\u043a\u0430",
      "type_product_en": "Knits toy",
      "material": "\u0425\u043b\u043e\u043f\u043e\u043a",
      "material_ru": "\u0425\u043b\u043e\u043f\u043e\u043a",
      "material_en": "wolf",
      "included": "Included [ru]",
      "included_ru": "Included [ru]",
      "included_en": "Included [en]",
      "height": 120,
      "weight": 20,
      "author": 1,
      "colors": [],
      "categories": [
        3
      ]
    }
  },
  {
    "model": "shop.product",
    "pk": 5,
    "fields": {
      "title_seo": "Title Seo [ru] \u041e\u043f\u0438\u0441\u0430\u043d\u0438e \u0441\u043c\u0435\u043c\u044b",
      "title_seo_ru": "Title Seo [ru] \u041e\u043f\u0438\u0441\u0430\u043d\u0438e \u0441\u043c\u0435\u043c\u044b",
      "title_seo_en": "Title Seo [en]",
      "meta_keywords": "Keywords [ru] \u041e\u043f\u0438\u0441\u0430\u043d\u0438e \u0441\u043c\u0435\u043c\u044b,",
      "meta_keywords_ru": "Keywords [ru] \u041e\u043f\u0438\u0441\u0430\u043d\u0438e \u0441\u043c\u0435\u043c\u044b,",
      "meta_keywords_en": "Keywords [en]",
      "meta_description": "Description [ru]",
      "meta_description_ru": "Description [ru]",
      "meta_description_en": "Description [en]",
      "created_at": "2020-03-12T14:25:10.337Z",
      "update_at": "2020-03-12T14:25:10.337Z",
      "image_preview": "",
      "image_alt": "Images Alt",
      "title": "\u0421\u0445\u0435\u043c\u0430 \u043d\u043e\u0441\u043a\u043e\u0432 2",
      "title_ru": "\u0421\u0445\u0435\u043c\u0430 \u043d\u043e\u0441\u043a\u043e\u0432 2",
      "title_en": "pattent noskov 2",
      "code": 10005,
      "slug": "pattents_2",
      "is_active": true,
      "description": "<p>\u041e\u043f\u0438\u0441\u0430\u043d\u0438e \u0441\u043c\u0435\u043c\u044b,&nbsp;\u041e\u043f\u0438\u0441\u0430\u043d\u0438e \u0441\u043c\u0435\u043c\u044b,&nbsp;\u041e\u043f\u0438\u0441\u0430\u043d\u0438e \u0441\u043c\u0435\u043c\u044b,&nbsp;\u041e\u043f\u0438\u0441\u0430\u043d\u0438e \u0441\u043c\u0435\u043c\u044b,&nbsp;\u041e\u043f\u0438\u0441\u0430\u043d\u0438e \u0441\u043c\u0435\u043c\u044b,&nbsp;\u041e\u043f\u0438\u0441\u0430\u043d\u0438e \u0441\u043c\u0435\u043c\u044b,&nbsp;\u041e\u043f\u0438\u0441\u0430\u043d\u0438e \u0441\u043c\u0435\u043c\u044b,&nbsp;\u041e\u043f\u0438\u0441\u0430\u043d\u0438e \u0441\u043c\u0435\u043c\u044b,&nbsp;\u041e\u043f\u0438\u0441\u0430\u043d\u0438e \u0441\u043c\u0435\u043c\u044b,&nbsp;\u041e\u043f\u0438\u0441\u0430\u043d\u0438e \u0441\u043c\u0435\u043c\u044b,&nbsp;\u041e\u043f\u0438\u0441\u0430\u043d\u0438e \u0441\u043c\u0435\u043c\u044b,&nbsp;\u041e\u043f\u0438\u0441\u0430\u043d\u0438e \u0441\u043c\u0435\u043c\u044b,&nbsp;\u041e\u043f\u0438\u0441\u0430\u043d\u0438e \u0441\u043c\u0435\u043c\u044b,&nbsp;\u041e\u043f\u0438\u0441\u0430\u043d\u0438e \u0441\u043c\u0435\u043c\u044b,&nbsp;\u041e\u043f\u0438\u0441\u0430\u043d\u0438e \u0441\u043c\u0435\u043c\u044b,&nbsp;\u041e\u043f\u0438\u0441\u0430\u043d\u0438e \u0441\u043c\u0435\u043c\u044b,&nbsp;\u041e\u043f\u0438\u0441\u0430\u043d\u0438e \u0441\u043c\u0435\u043c\u044b,&nbsp;\u041e\u043f\u0438\u0441\u0430\u043d\u0438e \u0441\u043c\u0435\u043c\u044b,&nbsp;\u041e\u043f\u0438\u0441\u0430\u043d\u0438e \u0441\u043c\u0435\u043c\u044b,&nbsp;\u041e\u043f\u0438\u0441\u0430\u043d\u0438e \u0441\u043c\u0435\u043c\u044b,&nbsp;\u041e\u043f\u0438\u0441\u0430\u043d\u0438e \u0441\u043c\u0435\u043c\u044b,&nbsp;\u041e\u043f\u0438\u0441\u0430\u043d\u0438e \u0441\u043c\u0435\u043c\u044b,&nbsp;</p>\r\n\r\n<p>&nbsp;</p>",
      "description_ru": "<p>\u041e\u043f\u0438\u0441\u0430\u043d\u0438e \u0441\u043c\u0435\u043c\u044b,&nbsp;\u041e\u043f\u0438\u0441\u0430\u043d\u0438e \u0441\u043c\u0435\u043c\u044b,&nbsp;\u041e\u043f\u0438\u0441\u0430\u043d\u0438e \u0441\u043c\u0435\u043c\u044b,&nbsp;\u041e\u043f\u0438\u0441\u0430\u043d\u0438e \u0441\u043c\u0435\u043c\u044b,&nbsp;\u041e\u043f\u0438\u0441\u0430\u043d\u0438e \u0441\u043c\u0435\u043c\u044b,&nbsp;\u041e\u043f\u0438\u0441\u0430\u043d\u0438e \u0441\u043c\u0435\u043c\u044b,&nbsp;\u041e\u043f\u0438\u0441\u0430\u043d\u0438e \u0441\u043c\u0435\u043c\u044b,&nbsp;\u041e\u043f\u0438\u0441\u0430\u043d\u0438e \u0441\u043c\u0435\u043c\u044b,&nbsp;\u041e\u043f\u0438\u0441\u0430\u043d\u0438e \u0441\u043c\u0435\u043c\u044b,&nbsp;\u041e\u043f\u0438\u0441\u0430\u043d\u0438e \u0441\u043c\u0435\u043c\u044b,&nbsp;\u041e\u043f\u0438\u0441\u0430\u043d\u0438e \u0441\u043c\u0435\u043c\u044b,&nbsp;\u041e\u043f\u0438\u0441\u0430\u043d\u0438e \u0441\u043c\u0435\u043c\u044b,&nbsp;\u041e\u043f\u0438\u0441\u0430\u043d\u0438e \u0441\u043c\u0435\u043c\u044b,&nbsp;\u041e\u043f\u0438\u0441\u0430\u043d\u0438e \u0441\u043c\u0435\u043c\u044b,&nbsp;\u041e\u043f\u0438\u0441\u0430\u043d\u0438e \u0441\u043c\u0435\u043c\u044b,&nbsp;\u041e\u043f\u0438\u0441\u0430\u043d\u0438e \u0441\u043c\u0435\u043c\u044b,&nbsp;\u041e\u043f\u0438\u0441\u0430\u043d\u0438e \u0441\u043c\u0435\u043c\u044b,&nbsp;\u041e\u043f\u0438\u0441\u0430\u043d\u0438e \u0441\u043c\u0435\u043c\u044b,&nbsp;\u041e\u043f\u0438\u0441\u0430\u043d\u0438e \u0441\u043c\u0435\u043c\u044b,&nbsp;\u041e\u043f\u0438\u0441\u0430\u043d\u0438e \u0441\u043c\u0435\u043c\u044b,&nbsp;\u041e\u043f\u0438\u0441\u0430\u043d\u0438e \u0441\u043c\u0435\u043c\u044b,&nbsp;\u041e\u043f\u0438\u0441\u0430\u043d\u0438e \u0441\u043c\u0435\u043c\u044b,&nbsp;</p>\r\n\r\n<p>&nbsp;</p>",
      "description_en": "<p>Lorem ipsum dolor sit amet, consectetuer adipiscing elit. Maecenas feugiat consequat diam. Maecenas metus. Vivamus diam purus, cursus a, commodo non, facilisis vitae, nulla. Aenean dictum lacinia tortor. Nunc iaculis, nibh non iaculis aliquam, orci felis euismod neque, sed ornare massa mauris sed velit. Nulla pretium mi et risus. Fusce mi pede, tempor id, cursus ac, ullamcorper nec, enim. Sed tortor. Curabitur molestie. Duis velit augue, condimentum at, ultrices a, luctus ut, orci. Donec pellentesque egestas eros. Integer cursus, augue in cursus faucibus, eros pede bibendum sem, in tempus tellus justo quis ligula. Etiam eget tortor. Vestibulum rutrum, est ut placerat elementum, lectus nisl aliquam velit, tempor aliquam eros nunc nonummy metus. In eros metus, gravida a, gravida sed, lobortis id, turpis. Ut ultrices, ipsum at venenatis fringilla, sem nulla lacinia tellus, eget aliquet turpis mauris non enim. Nam turpis. Suspendisse lacinia. Curabitur ac tortor ut ipsum egestas elementum. Nunc imperdiet gravida mauris.</p>",
      "price_currency": "USD",
      "price": "1222300.00",
      "sale_currency": "USD",
      "sale": "12233.00",
      "count": 1,
      "type_product": "\u0412\u044f\u0437\u0430\u043d\u0430\u044f \u0438\u0433\u0440\u0443\u0448\u043a\u0430",
      "type_product_ru": "\u0412\u044f\u0437\u0430\u043d\u0430\u044f \u0438\u0433\u0440\u0443\u0448\u043a\u0430",
      "type_product_en": "Knits toy",
      "material": "\u0425\u043b\u043e\u043f\u043e\u043a",
      "material_ru": "\u0425\u043b\u043e\u043f\u043e\u043a",
      "material_en": "wolf",
      "included": "Included [ru]",
      "included_ru": "Included [ru]",
      "included_en": "Included [en]",
      "height": 120,
      "weight": 20,
      "author": 1,
      "colors": [],
      "categories": []
    }
  },
  {
    "model": "shop.product",
    "pk": 6,
    "fields": {
      "title_seo": "Title Seo [ru] \u041e\u043f\u0438\u0441\u0430\u043d\u0438e \u0441\u043c\u0435\u043c\u044b",
      "title_seo_ru": "Title Seo [ru] \u041e\u043f\u0438\u0441\u0430\u043d\u0438e \u0441\u043c\u0435\u043c\u044b",
      "title_seo_en": "Title Seo [en]",
      "meta_keywords": "Keywords [ru] \u041e\u043f\u0438\u0441\u0430\u043d\u0438e \u0441\u043c\u0435\u043c\u044b,",
      "meta_keywords_ru": "Keywords [ru] \u041e\u043f\u0438\u0441\u0430\u043d\u0438e \u0441\u043c\u0435\u043c\u044b,",
      "meta_keywords_en": "Keywords [en]",
      "meta_description": "Description [ru]",
      "meta_description_ru": "Description [ru]",
      "meta_description_en": "Description [en]",
      "created_at": "2020-03-12T14:30:38.233Z",
      "update_at": "2020-03-15T17:29:34.271Z",
      "image_preview": "Snapseed_7_PShIxXt.jpg",
      "image_alt": "Images Alt",
      "title": "\u0421\u0445\u0435\u043c\u0430 \u043d\u043e\u0441\u043a\u043e\u0432 3",
      "title_ru": "\u0421\u0445\u0435\u043c\u0430 \u043d\u043e\u0441\u043a\u043e\u0432 3",
      "title_en": "pattent noskov 3",
      "code": 100043246,
      "slug": "pattents_3",
      "is_active": true,
      "description": "<p>\u041e\u043f\u0438\u0441\u0430\u043d\u0438e \u0441\u043c\u0435\u043c\u044b,&nbsp;\u041e\u043f\u0438\u0441\u0430\u043d\u0438e \u0441\u043c\u0435\u043c\u044b,&nbsp;\u041e\u043f\u0438\u0441\u0430\u043d\u0438e \u0441\u043c\u0435\u043c\u044b,&nbsp;\u041e\u043f\u0438\u0441\u0430\u043d\u0438e \u0441\u043c\u0435\u043c\u044b,&nbsp;\u041e\u043f\u0438\u0441\u0430\u043d\u0438e \u0441\u043c\u0435\u043c\u044b,&nbsp;\u041e\u043f\u0438\u0441\u0430\u043d\u0438e \u0441\u043c\u0435\u043c\u044b,&nbsp;\u041e\u043f\u0438\u0441\u0430\u043d\u0438e \u0441\u043c\u0435\u043c\u044b,&nbsp;\u041e\u043f\u0438\u0441\u0430\u043d\u0438e \u0441\u043c\u0435\u043c\u044b,&nbsp;\u041e\u043f\u0438\u0441\u0430\u043d\u0438e \u0441\u043c\u0435\u043c\u044b,&nbsp;\u041e\u043f\u0438\u0441\u0430\u043d\u0438e \u0441\u043c\u0435\u043c\u044b,&nbsp;\u041e\u043f\u0438\u0441\u0430\u043d\u0438e \u0441\u043c\u0435\u043c\u044b,&nbsp;\u041e\u043f\u0438\u0441\u0430\u043d\u0438e \u0441\u043c\u0435\u043c\u044b,&nbsp;\u041e\u043f\u0438\u0441\u0430\u043d\u0438e \u0441\u043c\u0435\u043c\u044b,&nbsp;\u041e\u043f\u0438\u0441\u0430\u043d\u0438e \u0441\u043c\u0435\u043c\u044b,&nbsp;\u041e\u043f\u0438\u0441\u0430\u043d\u0438e \u0441\u043c\u0435\u043c\u044b,&nbsp;\u041e\u043f\u0438\u0441\u0430\u043d\u0438e \u0441\u043c\u0435\u043c\u044b,&nbsp;\u041e\u043f\u0438\u0441\u0430\u043d\u0438e \u0441\u043c\u0435\u043c\u044b,&nbsp;\u041e\u043f\u0438\u0441\u0430\u043d\u0438e \u0441\u043c\u0435\u043c\u044b,&nbsp;\u041e\u043f\u0438\u0441\u0430\u043d\u0438e \u0441\u043c\u0435\u043c\u044b,&nbsp;\u041e\u043f\u0438\u0441\u0430\u043d\u0438e \u0441\u043c\u0435\u043c\u044b,&nbsp;\u041e\u043f\u0438\u0441\u0430\u043d\u0438e \u0441\u043c\u0435\u043c\u044b,&nbsp;\u041e\u043f\u0438\u0441\u0430\u043d\u0438e \u0441\u043c\u0435\u043c\u044b,&nbsp;</p>\r\n\r\n<p>&nbsp;</p>",
      "description_ru": "<p>\u041e\u043f\u0438\u0441\u0430\u043d\u0438e \u0441\u043c\u0435\u043c\u044b,&nbsp;\u041e\u043f\u0438\u0441\u0430\u043d\u0438e \u0441\u043c\u0435\u043c\u044b,&nbsp;\u041e\u043f\u0438\u0441\u0430\u043d\u0438e \u0441\u043c\u0435\u043c\u044b,&nbsp;\u041e\u043f\u0438\u0441\u0430\u043d\u0438e \u0441\u043c\u0435\u043c\u044b,&nbsp;\u041e\u043f\u0438\u0441\u0430\u043d\u0438e \u0441\u043c\u0435\u043c\u044b,&nbsp;\u041e\u043f\u0438\u0441\u0430\u043d\u0438e \u0441\u043c\u0435\u043c\u044b,&nbsp;\u041e\u043f\u0438\u0441\u0430\u043d\u0438e \u0441\u043c\u0435\u043c\u044b,&nbsp;\u041e\u043f\u0438\u0441\u0430\u043d\u0438e \u0441\u043c\u0435\u043c\u044b,&nbsp;\u041e\u043f\u0438\u0441\u0430\u043d\u0438e \u0441\u043c\u0435\u043c\u044b,&nbsp;\u041e\u043f\u0438\u0441\u0430\u043d\u0438e \u0441\u043c\u0435\u043c\u044b,&nbsp;\u041e\u043f\u0438\u0441\u0430\u043d\u0438e \u0441\u043c\u0435\u043c\u044b,&nbsp;\u041e\u043f\u0438\u0441\u0430\u043d\u0438e \u0441\u043c\u0435\u043c\u044b,&nbsp;\u041e\u043f\u0438\u0441\u0430\u043d\u0438e \u0441\u043c\u0435\u043c\u044b,&nbsp;\u041e\u043f\u0438\u0441\u0430\u043d\u0438e \u0441\u043c\u0435\u043c\u044b,&nbsp;\u041e\u043f\u0438\u0441\u0430\u043d\u0438e \u0441\u043c\u0435\u043c\u044b,&nbsp;\u041e\u043f\u0438\u0441\u0430\u043d\u0438e \u0441\u043c\u0435\u043c\u044b,&nbsp;\u041e\u043f\u0438\u0441\u0430\u043d\u0438e \u0441\u043c\u0435\u043c\u044b,&nbsp;\u041e\u043f\u0438\u0441\u0430\u043d\u0438e \u0441\u043c\u0435\u043c\u044b,&nbsp;\u041e\u043f\u0438\u0441\u0430\u043d\u0438e \u0441\u043c\u0435\u043c\u044b,&nbsp;\u041e\u043f\u0438\u0441\u0430\u043d\u0438e \u0441\u043c\u0435\u043c\u044b,&nbsp;\u041e\u043f\u0438\u0441\u0430\u043d\u0438e \u0441\u043c\u0435\u043c\u044b,&nbsp;\u041e\u043f\u0438\u0441\u0430\u043d\u0438e \u0441\u043c\u0435\u043c\u044b,&nbsp;</p>\r\n\r\n<p>&nbsp;</p>",
      "description_en": "<p>Lorem ipsum dolor sit amet, consectetuer adipiscing elit. Maecenas feugiat consequat diam. Maecenas metus. Vivamus diam purus, cursus a, commodo non, facilisis vitae, nulla. Aenean dictum lacinia tortor. Nunc iaculis, nibh non iaculis aliquam, orci felis euismod neque, sed ornare massa mauris sed velit. Nulla pretium mi et risus. Fusce mi pede, tempor id, cursus ac, ullamcorper nec, enim. Sed tortor. Curabitur molestie. Duis velit augue, condimentum at, ultrices a, luctus ut, orci. Donec pellentesque egestas eros. Integer cursus, augue in cursus faucibus, eros pede bibendum sem, in tempus tellus justo quis ligula. Etiam eget tortor. Vestibulum rutrum, est ut placerat elementum, lectus nisl aliquam velit, tempor aliquam eros nunc nonummy metus. In eros metus, gravida a, gravida sed, lobortis id, turpis. Ut ultrices, ipsum at venenatis fringilla, sem nulla lacinia tellus, eget aliquet turpis mauris non enim. Nam turpis. Suspendisse lacinia. Curabitur ac tortor ut ipsum egestas elementum. Nunc imperdiet gravida mauris.</p>",
      "price_currency": "USD",
      "price": "1222300.00",
      "sale_currency": "USD",
      "sale": "12223233.00",
      "count": 1,
      "type_product": "\u0412\u044f\u0437\u0430\u043d\u0430\u044f \u0438\u0433\u0440\u0443\u0448\u043a\u0430",
      "type_product_ru": "\u0412\u044f\u0437\u0430\u043d\u0430\u044f \u0438\u0433\u0440\u0443\u0448\u043a\u0430",
      "type_product_en": "Knits toy",
      "material": "\u0425\u043b\u043e\u043f\u043e\u043a",
      "material_ru": "\u0425\u043b\u043e\u043f\u043e\u043a",
      "material_en": "wolf",
      "included": "Included [ru]",
      "included_ru": "Included [ru]",
      "included_en": "Included [en]",
      "height": 120,
      "weight": 20,
      "author": 1,
      "colors": [],
      "categories": []
    }
  },
  {
    "model": "shop.product",
    "pk": 7,
    "fields": {
      "title_seo": "Title Seo [ru] \u041e\u043f\u0438\u0441\u0430\u043d\u0438e \u0441\u043c\u0435\u043c\u044b",
      "title_seo_ru": "Title Seo [ru] \u041e\u043f\u0438\u0441\u0430\u043d\u0438e \u0441\u043c\u0435\u043c\u044b",
      "title_seo_en": "Title Seo [en]",
      "meta_keywords": "Keywords [ru] \u041e\u043f\u0438\u0441\u0430\u043d\u0438e \u0441\u043c\u0435\u043c\u044b,",
      "meta_keywords_ru": "Keywords [ru] \u041e\u043f\u0438\u0441\u0430\u043d\u0438e \u0441\u043c\u0435\u043c\u044b,",
      "meta_keywords_en": "Keywords [en]",
      "meta_description": "Description [ru]",
      "meta_description_ru": "Description [ru]",
      "meta_description_en": "Description [en]",
      "created_at": "2020-03-12T14:30:48.793Z",
      "update_at": "2020-03-15T17:32:49.632Z",
      "image_preview": "",
      "image_alt": "Images Alt",
      "title": "\u0421\u0445\u0435\u043c\u0430 \u043d\u043e\u0441\u043a\u043e\u0432 4",
      "title_ru": "\u0421\u0445\u0435\u043c\u0430 \u043d\u043e\u0441\u043a\u043e\u0432 4",
      "title_en": "pattent noskov 4",
      "code": 100043246,
      "slug": "pattents_4",
      "is_active": true,
      "description": "<p>\u041e\u043f\u0438\u0441\u0430\u043d\u0438e \u0441\u043c\u0435\u043c\u044b,&nbsp;\u041e\u043f\u0438\u0441\u0430\u043d\u0438e \u0441\u043c\u0435\u043c\u044b,&nbsp;\u041e\u043f\u0438\u0441\u0430\u043d\u0438e \u0441\u043c\u0435\u043c\u044b,&nbsp;\u041e\u043f\u0438\u0441\u0430\u043d\u0438e \u0441\u043c\u0435\u043c\u044b,&nbsp;\u041e\u043f\u0438\u0441\u0430\u043d\u0438e \u0441\u043c\u0435\u043c\u044b,&nbsp;\u041e\u043f\u0438\u0441\u0430\u043d\u0438e \u0441\u043c\u0435\u043c\u044b,&nbsp;\u041e\u043f\u0438\u0441\u0430\u043d\u0438e \u0441\u043c\u0435\u043c\u044b,&nbsp;\u041e\u043f\u0438\u0441\u0430\u043d\u0438e \u0441\u043c\u0435\u043c\u044b,&nbsp;\u041e\u043f\u0438\u0441\u0430\u043d\u0438e \u0441\u043c\u0435\u043c\u044b,&nbsp;\u041e\u043f\u0438\u0441\u0430\u043d\u0438e \u0441\u043c\u0435\u043c\u044b,&nbsp;\u041e\u043f\u0438\u0441\u0430\u043d\u0438e \u0441\u043c\u0435\u043c\u044b,&nbsp;\u041e\u043f\u0438\u0441\u0430\u043d\u0438e \u0441\u043c\u0435\u043c\u044b,&nbsp;\u041e\u043f\u0438\u0441\u0430\u043d\u0438e \u0441\u043c\u0435\u043c\u044b,&nbsp;\u041e\u043f\u0438\u0441\u0430\u043d\u0438e \u0441\u043c\u0435\u043c\u044b,&nbsp;\u041e\u043f\u0438\u0441\u0430\u043d\u0438e \u0441\u043c\u0435\u043c\u044b,&nbsp;\u041e\u043f\u0438\u0441\u0430\u043d\u0438e \u0441\u043c\u0435\u043c\u044b,&nbsp;\u041e\u043f\u0438\u0441\u0430\u043d\u0438e \u0441\u043c\u0435\u043c\u044b,&nbsp;\u041e\u043f\u0438\u0441\u0430\u043d\u0438e \u0441\u043c\u0435\u043c\u044b,&nbsp;\u041e\u043f\u0438\u0441\u0430\u043d\u0438e \u0441\u043c\u0435\u043c\u044b,&nbsp;\u041e\u043f\u0438\u0441\u0430\u043d\u0438e \u0441\u043c\u0435\u043c\u044b,&nbsp;\u041e\u043f\u0438\u0441\u0430\u043d\u0438e \u0441\u043c\u0435\u043c\u044b,&nbsp;\u041e\u043f\u0438\u0441\u0430\u043d\u0438e \u0441\u043c\u0435\u043c\u044b,&nbsp;</p>\r\n\r\n<p>&nbsp;</p>",
      "description_ru": "<p>\u041e\u043f\u0438\u0441\u0430\u043d\u0438e \u0441\u043c\u0435\u043c\u044b,&nbsp;\u041e\u043f\u0438\u0441\u0430\u043d\u0438e \u0441\u043c\u0435\u043c\u044b,&nbsp;\u041e\u043f\u0438\u0441\u0430\u043d\u0438e \u0441\u043c\u0435\u043c\u044b,&nbsp;\u041e\u043f\u0438\u0441\u0430\u043d\u0438e \u0441\u043c\u0435\u043c\u044b,&nbsp;\u041e\u043f\u0438\u0441\u0430\u043d\u0438e \u0441\u043c\u0435\u043c\u044b,&nbsp;\u041e\u043f\u0438\u0441\u0430\u043d\u0438e \u0441\u043c\u0435\u043c\u044b,&nbsp;\u041e\u043f\u0438\u0441\u0430\u043d\u0438e \u0441\u043c\u0435\u043c\u044b,&nbsp;\u041e\u043f\u0438\u0441\u0430\u043d\u0438e \u0441\u043c\u0435\u043c\u044b,&nbsp;\u041e\u043f\u0438\u0441\u0430\u043d\u0438e \u0441\u043c\u0435\u043c\u044b,&nbsp;\u041e\u043f\u0438\u0441\u0430\u043d\u0438e \u0441\u043c\u0435\u043c\u044b,&nbsp;\u041e\u043f\u0438\u0441\u0430\u043d\u0438e \u0441\u043c\u0435\u043c\u044b,&nbsp;\u041e\u043f\u0438\u0441\u0430\u043d\u0438e \u0441\u043c\u0435\u043c\u044b,&nbsp;\u041e\u043f\u0438\u0441\u0430\u043d\u0438e \u0441\u043c\u0435\u043c\u044b,&nbsp;\u041e\u043f\u0438\u0441\u0430\u043d\u0438e \u0441\u043c\u0435\u043c\u044b,&nbsp;\u041e\u043f\u0438\u0441\u0430\u043d\u0438e \u0441\u043c\u0435\u043c\u044b,&nbsp;\u041e\u043f\u0438\u0441\u0430\u043d\u0438e \u0441\u043c\u0435\u043c\u044b,&nbsp;\u041e\u043f\u0438\u0441\u0430\u043d\u0438e \u0441\u043c\u0435\u043c\u044b,&nbsp;\u041e\u043f\u0438\u0441\u0430\u043d\u0438e \u0441\u043c\u0435\u043c\u044b,&nbsp;\u041e\u043f\u0438\u0441\u0430\u043d\u0438e \u0441\u043c\u0435\u043c\u044b,&nbsp;\u041e\u043f\u0438\u0441\u0430\u043d\u0438e \u0441\u043c\u0435\u043c\u044b,&nbsp;\u041e\u043f\u0438\u0441\u0430\u043d\u0438e \u0441\u043c\u0435\u043c\u044b,&nbsp;\u041e\u043f\u0438\u0441\u0430\u043d\u0438e \u0441\u043c\u0435\u043c\u044b,&nbsp;</p>\r\n\r\n<p>&nbsp;</p>",
      "description_en": "<p>Lorem ipsum dolor sit amet, consectetuer adipiscing elit. Maecenas feugiat consequat diam. Maecenas metus. Vivamus diam purus, cursus a, commodo non, facilisis vitae, nulla. Aenean dictum lacinia tortor. Nunc iaculis, nibh non iaculis aliquam, orci felis euismod neque, sed ornare massa mauris sed velit. Nulla pretium mi et risus. Fusce mi pede, tempor id, cursus ac, ullamcorper nec, enim. Sed tortor. Curabitur molestie. Duis velit augue, condimentum at, ultrices a, luctus ut, orci. Donec pellentesque egestas eros. Integer cursus, augue in cursus faucibus, eros pede bibendum sem, in tempus tellus justo quis ligula. Etiam eget tortor. Vestibulum rutrum, est ut placerat elementum, lectus nisl aliquam velit, tempor aliquam eros nunc nonummy metus. In eros metus, gravida a, gravida sed, lobortis id, turpis. Ut ultrices, ipsum at venenatis fringilla, sem nulla lacinia tellus, eget aliquet turpis mauris non enim. Nam turpis. Suspendisse lacinia. Curabitur ac tortor ut ipsum egestas elementum. Nunc imperdiet gravida mauris.</p>",
      "price_currency": "USD",
      "price": "1222300.00",
      "sale_currency": "USD",
      "sale": "12223233.00",
      "count": 1,
      "type_product": "\u0412\u044f\u0437\u0430\u043d\u0430\u044f \u0438\u0433\u0440\u0443\u0448\u043a\u0430",
      "type_product_ru": "\u0412\u044f\u0437\u0430\u043d\u0430\u044f \u0438\u0433\u0440\u0443\u0448\u043a\u0430",
      "type_product_en": "Knits toy",
      "material": "\u0425\u043b\u043e\u043f\u043e\u043a",
      "material_ru": "\u0425\u043b\u043e\u043f\u043e\u043a",
      "material_en": "wolf",
      "included": "Included [ru]",
      "included_ru": "Included [ru]",
      "included_en": "Included [en]",
      "height": 120,
      "weight": 20,
      "author": 1,
      "colors": [
        3
      ],
      "categories": []
    }
  },
  {
    "model": "shop.product",
    "pk": 8,
    "fields": {
      "title_seo": "Title Seo [ru] \u041e\u043f\u0438\u0441\u0430\u043d\u0438e \u0441\u043c\u0435\u043c\u044b",
      "title_seo_ru": "Title Seo [ru] \u041e\u043f\u0438\u0441\u0430\u043d\u0438e \u0441\u043c\u0435\u043c\u044b",
      "title_seo_en": "Title Seo [en]",
      "meta_keywords": "Keywords [ru] \u041e\u043f\u0438\u0441\u0430\u043d\u0438e \u0441\u043c\u0435\u043c\u044b,",
      "meta_keywords_ru": "Keywords [ru] \u041e\u043f\u0438\u0441\u0430\u043d\u0438e \u0441\u043c\u0435\u043c\u044b,",
      "meta_keywords_en": "Keywords [en]",
      "meta_description": "Description [ru]",
      "meta_description_ru": "Description [ru]",
      "meta_description_en": "Description [en]",
      "created_at": "2020-03-12T14:30:59.141Z",
      "update_at": "2020-03-15T17:29:10.455Z",
      "image_preview": "Snapseed_12_YHmvtfy.jpg",
      "image_alt": "Images Alt",
      "title": "\u0421\u0445\u0435\u043c\u0430 \u043d\u043e\u0441\u043a\u043e\u0432 5",
      "title_ru": "\u0421\u0445\u0435\u043c\u0430 \u043d\u043e\u0441\u043a\u043e\u0432 5",
      "title_en": "pattent noskov 5",
      "code": 100043246,
      "slug": "pattents_5",
      "is_active": true,
      "description": "<p>\u041e\u043f\u0438\u0441\u0430\u043d\u0438e \u0441\u043c\u0435\u043c\u044b,&nbsp;\u041e\u043f\u0438\u0441\u0430\u043d\u0438e \u0441\u043c\u0435\u043c\u044b,&nbsp;\u041e\u043f\u0438\u0441\u0430\u043d\u0438e \u0441\u043c\u0435\u043c\u044b,&nbsp;\u041e\u043f\u0438\u0441\u0430\u043d\u0438e \u0441\u043c\u0435\u043c\u044b,&nbsp;\u041e\u043f\u0438\u0441\u0430\u043d\u0438e \u0441\u043c\u0435\u043c\u044b,&nbsp;\u041e\u043f\u0438\u0441\u0430\u043d\u0438e \u0441\u043c\u0435\u043c\u044b,&nbsp;\u041e\u043f\u0438\u0441\u0430\u043d\u0438e \u0441\u043c\u0435\u043c\u044b,&nbsp;\u041e\u043f\u0438\u0441\u0430\u043d\u0438e \u0441\u043c\u0435\u043c\u044b,&nbsp;\u041e\u043f\u0438\u0441\u0430\u043d\u0438e \u0441\u043c\u0435\u043c\u044b,&nbsp;\u041e\u043f\u0438\u0441\u0430\u043d\u0438e \u0441\u043c\u0435\u043c\u044b,&nbsp;\u041e\u043f\u0438\u0441\u0430\u043d\u0438e \u0441\u043c\u0435\u043c\u044b,&nbsp;\u041e\u043f\u0438\u0441\u0430\u043d\u0438e \u0441\u043c\u0435\u043c\u044b,&nbsp;\u041e\u043f\u0438\u0441\u0430\u043d\u0438e \u0441\u043c\u0435\u043c\u044b,&nbsp;\u041e\u043f\u0438\u0441\u0430\u043d\u0438e \u0441\u043c\u0435\u043c\u044b,&nbsp;\u041e\u043f\u0438\u0441\u0430\u043d\u0438e \u0441\u043c\u0435\u043c\u044b,&nbsp;\u041e\u043f\u0438\u0441\u0430\u043d\u0438e \u0441\u043c\u0435\u043c\u044b,&nbsp;\u041e\u043f\u0438\u0441\u0430\u043d\u0438e \u0441\u043c\u0435\u043c\u044b,&nbsp;\u041e\u043f\u0438\u0441\u0430\u043d\u0438e \u0441\u043c\u0435\u043c\u044b,&nbsp;\u041e\u043f\u0438\u0441\u0430\u043d\u0438e \u0441\u043c\u0435\u043c\u044b,&nbsp;\u041e\u043f\u0438\u0441\u0430\u043d\u0438e \u0441\u043c\u0435\u043c\u044b,&nbsp;\u041e\u043f\u0438\u0441\u0430\u043d\u0438e \u0441\u043c\u0435\u043c\u044b,&nbsp;\u041e\u043f\u0438\u0441\u0430\u043d\u0438e \u0441\u043c\u0435\u043c\u044b,&nbsp;</p>\r\n\r\n<p>&nbsp;</p>",
      "description_ru": "<p>\u041e\u043f\u0438\u0441\u0430\u043d\u0438e \u0441\u043c\u0435\u043c\u044b,&nbsp;\u041e\u043f\u0438\u0441\u0430\u043d\u0438e \u0441\u043c\u0435\u043c\u044b,&nbsp;\u041e\u043f\u0438\u0441\u0430\u043d\u0438e \u0441\u043c\u0435\u043c\u044b,&nbsp;\u041e\u043f\u0438\u0441\u0430\u043d\u0438e \u0441\u043c\u0435\u043c\u044b,&nbsp;\u041e\u043f\u0438\u0441\u0430\u043d\u0438e \u0441\u043c\u0435\u043c\u044b,&nbsp;\u041e\u043f\u0438\u0441\u0430\u043d\u0438e \u0441\u043c\u0435\u043c\u044b,&nbsp;\u041e\u043f\u0438\u0441\u0430\u043d\u0438e \u0441\u043c\u0435\u043c\u044b,&nbsp;\u041e\u043f\u0438\u0441\u0430\u043d\u0438e \u0441\u043c\u0435\u043c\u044b,&nbsp;\u041e\u043f\u0438\u0441\u0430\u043d\u0438e \u0441\u043c\u0435\u043c\u044b,&nbsp;\u041e\u043f\u0438\u0441\u0430\u043d\u0438e \u0441\u043c\u0435\u043c\u044b,&nbsp;\u041e\u043f\u0438\u0441\u0430\u043d\u0438e \u0441\u043c\u0435\u043c\u044b,&nbsp;\u041e\u043f\u0438\u0441\u0430\u043d\u0438e \u0441\u043c\u0435\u043c\u044b,&nbsp;\u041e\u043f\u0438\u0441\u0430\u043d\u0438e \u0441\u043c\u0435\u043c\u044b,&nbsp;\u041e\u043f\u0438\u0441\u0430\u043d\u0438e \u0441\u043c\u0435\u043c\u044b,&nbsp;\u041e\u043f\u0438\u0441\u0430\u043d\u0438e \u0441\u043c\u0435\u043c\u044b,&nbsp;\u041e\u043f\u0438\u0441\u0430\u043d\u0438e \u0441\u043c\u0435\u043c\u044b,&nbsp;\u041e\u043f\u0438\u0441\u0430\u043d\u0438e \u0441\u043c\u0435\u043c\u044b,&nbsp;\u041e\u043f\u0438\u0441\u0430\u043d\u0438e \u0441\u043c\u0435\u043c\u044b,&nbsp;\u041e\u043f\u0438\u0441\u0430\u043d\u0438e \u0441\u043c\u0435\u043c\u044b,&nbsp;\u041e\u043f\u0438\u0441\u0430\u043d\u0438e \u0441\u043c\u0435\u043c\u044b,&nbsp;\u041e\u043f\u0438\u0441\u0430\u043d\u0438e \u0441\u043c\u0435\u043c\u044b,&nbsp;\u041e\u043f\u0438\u0441\u0430\u043d\u0438e \u0441\u043c\u0435\u043c\u044b,&nbsp;</p>\r\n\r\n<p>&nbsp;</p>",
      "description_en": "<p>Lorem ipsum dolor sit amet, consectetuer adipiscing elit. Maecenas feugiat consequat diam. Maecenas metus. Vivamus diam purus, cursus a, commodo non, facilisis vitae, nulla. Aenean dictum lacinia tortor. Nunc iaculis, nibh non iaculis aliquam, orci felis euismod neque, sed ornare massa mauris sed velit. Nulla pretium mi et risus. Fusce mi pede, tempor id, cursus ac, ullamcorper nec, enim. Sed tortor. Curabitur molestie. Duis velit augue, condimentum at, ultrices a, luctus ut, orci. Donec pellentesque egestas eros. Integer cursus, augue in cursus faucibus, eros pede bibendum sem, in tempus tellus justo quis ligula. Etiam eget tortor. Vestibulum rutrum, est ut placerat elementum, lectus nisl aliquam velit, tempor aliquam eros nunc nonummy metus. In eros metus, gravida a, gravida sed, lobortis id, turpis. Ut ultrices, ipsum at venenatis fringilla, sem nulla lacinia tellus, eget aliquet turpis mauris non enim. Nam turpis. Suspendisse lacinia. Curabitur ac tortor ut ipsum egestas elementum. Nunc imperdiet gravida mauris.</p>",
      "price_currency": "USD",
      "price": "1222300.00",
      "sale_currency": "USD",
      "sale": "12223233.00",
      "count": 1,
      "type_product": "\u0412\u044f\u0437\u0430\u043d\u0430\u044f \u0438\u0433\u0440\u0443\u0448\u043a\u0430",
      "type_product_ru": "\u0412\u044f\u0437\u0430\u043d\u0430\u044f \u0438\u0433\u0440\u0443\u0448\u043a\u0430",
      "type_product_en": "Knits toy",
      "material": "\u0425\u043b\u043e\u043f\u043e\u043a",
      "material_ru": "\u0425\u043b\u043e\u043f\u043e\u043a",
      "material_en": "wolf",
      "included": "Included [ru]",
      "included_ru": "Included [ru]",
      "included_en": "Included [en]",
      "height": 120,
      "weight": 20,
      "author": 1,
      "colors": [],
      "categories": []
    }
  },
  {
    "model": "shop.product",
    "pk": 9,
    "fields": {
      "title_seo": "Title Seo [ru] \u041e\u043f\u0438\u0441\u0430\u043d\u0438e \u0441\u043c\u0435\u043c\u044b",
      "title_seo_ru": "Title Seo [ru] \u041e\u043f\u0438\u0441\u0430\u043d\u0438e \u0441\u043c\u0435\u043c\u044b",
      "title_seo_en": "Title Seo [en]",
      "meta_keywords": "Keywords [ru] \u041e\u043f\u0438\u0441\u0430\u043d\u0438e \u0441\u043c\u0435\u043c\u044b,",
      "meta_keywords_ru": "Keywords [ru] \u041e\u043f\u0438\u0441\u0430\u043d\u0438e \u0441\u043c\u0435\u043c\u044b,",
      "meta_keywords_en": "Keywords [en]",
      "meta_description": "Description [ru]",
      "meta_description_ru": "Description [ru]",
      "meta_description_en": "Description [en]",
      "created_at": "2020-03-12T14:32:01.911Z",
      "update_at": "2020-03-15T17:31:53.957Z",
      "image_preview": "Snapseed_6.jpg",
      "image_alt": "Images Alt",
      "title": "\u0421\u0445\u0435\u043c\u0430 \u043d\u043e\u0441\u043a\u043e\u0432 6",
      "title_ru": "\u0421\u0445\u0435\u043c\u0430 \u043d\u043e\u0441\u043a\u043e\u0432 6",
      "title_en": "pattent noskov 6",
      "code": 100043246,
      "slug": "pattents_6",
      "is_active": true,
      "description": "<p>\u041e\u043f\u0438\u0441\u0430\u043d\u0438e \u0441\u043c\u0435\u043c\u044b,&nbsp;\u041e\u043f\u0438\u0441\u0430\u043d\u0438e \u0441\u043c\u0435\u043c\u044b,&nbsp;\u041e\u043f\u0438\u0441\u0430\u043d\u0438e \u0441\u043c\u0435\u043c\u044b,&nbsp;\u041e\u043f\u0438\u0441\u0430\u043d\u0438e \u0441\u043c\u0435\u043c\u044b,&nbsp;\u041e\u043f\u0438\u0441\u0430\u043d\u0438e \u0441\u043c\u0435\u043c\u044b,&nbsp;\u041e\u043f\u0438\u0441\u0430\u043d\u0438e \u0441\u043c\u0435\u043c\u044b,&nbsp;\u041e\u043f\u0438\u0441\u0430\u043d\u0438e \u0441\u043c\u0435\u043c\u044b,&nbsp;\u041e\u043f\u0438\u0441\u0430\u043d\u0438e \u0441\u043c\u0435\u043c\u044b,&nbsp;\u041e\u043f\u0438\u0441\u0430\u043d\u0438e \u0441\u043c\u0435\u043c\u044b,&nbsp;\u041e\u043f\u0438\u0441\u0430\u043d\u0438e \u0441\u043c\u0435\u043c\u044b,&nbsp;\u041e\u043f\u0438\u0441\u0430\u043d\u0438e \u0441\u043c\u0435\u043c\u044b,&nbsp;\u041e\u043f\u0438\u0441\u0430\u043d\u0438e \u0441\u043c\u0435\u043c\u044b,&nbsp;\u041e\u043f\u0438\u0441\u0430\u043d\u0438e \u0441\u043c\u0435\u043c\u044b,&nbsp;\u041e\u043f\u0438\u0441\u0430\u043d\u0438e \u0441\u043c\u0435\u043c\u044b,&nbsp;\u041e\u043f\u0438\u0441\u0430\u043d\u0438e \u0441\u043c\u0435\u043c\u044b,&nbsp;\u041e\u043f\u0438\u0441\u0430\u043d\u0438e \u0441\u043c\u0435\u043c\u044b,&nbsp;\u041e\u043f\u0438\u0441\u0430\u043d\u0438e \u0441\u043c\u0435\u043c\u044b,&nbsp;\u041e\u043f\u0438\u0441\u0430\u043d\u0438e \u0441\u043c\u0435\u043c\u044b,&nbsp;\u041e\u043f\u0438\u0441\u0430\u043d\u0438e \u0441\u043c\u0435\u043c\u044b,&nbsp;\u041e\u043f\u0438\u0441\u0430\u043d\u0438e \u0441\u043c\u0435\u043c\u044b,&nbsp;\u041e\u043f\u0438\u0441\u0430\u043d\u0438e \u0441\u043c\u0435\u043c\u044b,&nbsp;\u041e\u043f\u0438\u0441\u0430\u043d\u0438e \u0441\u043c\u0435\u043c\u044b,&nbsp;</p>\r\n\r\n<p>&nbsp;</p>",
      "description_ru": "<p>\u041e\u043f\u0438\u0441\u0430\u043d\u0438e \u0441\u043c\u0435\u043c\u044b,&nbsp;\u041e\u043f\u0438\u0441\u0430\u043d\u0438e \u0441\u043c\u0435\u043c\u044b,&nbsp;\u041e\u043f\u0438\u0441\u0430\u043d\u0438e \u0441\u043c\u0435\u043c\u044b,&nbsp;\u041e\u043f\u0438\u0441\u0430\u043d\u0438e \u0441\u043c\u0435\u043c\u044b,&nbsp;\u041e\u043f\u0438\u0441\u0430\u043d\u0438e \u0441\u043c\u0435\u043c\u044b,&nbsp;\u041e\u043f\u0438\u0441\u0430\u043d\u0438e \u0441\u043c\u0435\u043c\u044b,&nbsp;\u041e\u043f\u0438\u0441\u0430\u043d\u0438e \u0441\u043c\u0435\u043c\u044b,&nbsp;\u041e\u043f\u0438\u0441\u0430\u043d\u0438e \u0441\u043c\u0435\u043c\u044b,&nbsp;\u041e\u043f\u0438\u0441\u0430\u043d\u0438e \u0441\u043c\u0435\u043c\u044b,&nbsp;\u041e\u043f\u0438\u0441\u0430\u043d\u0438e \u0441\u043c\u0435\u043c\u044b,&nbsp;\u041e\u043f\u0438\u0441\u0430\u043d\u0438e \u0441\u043c\u0435\u043c\u044b,&nbsp;\u041e\u043f\u0438\u0441\u0430\u043d\u0438e \u0441\u043c\u0435\u043c\u044b,&nbsp;\u041e\u043f\u0438\u0441\u0430\u043d\u0438e \u0441\u043c\u0435\u043c\u044b,&nbsp;\u041e\u043f\u0438\u0441\u0430\u043d\u0438e \u0441\u043c\u0435\u043c\u044b,&nbsp;\u041e\u043f\u0438\u0441\u0430\u043d\u0438e \u0441\u043c\u0435\u043c\u044b,&nbsp;\u041e\u043f\u0438\u0441\u0430\u043d\u0438e \u0441\u043c\u0435\u043c\u044b,&nbsp;\u041e\u043f\u0438\u0441\u0430\u043d\u0438e \u0441\u043c\u0435\u043c\u044b,&nbsp;\u041e\u043f\u0438\u0441\u0430\u043d\u0438e \u0441\u043c\u0435\u043c\u044b,&nbsp;\u041e\u043f\u0438\u0441\u0430\u043d\u0438e \u0441\u043c\u0435\u043c\u044b,&nbsp;\u041e\u043f\u0438\u0441\u0430\u043d\u0438e \u0441\u043c\u0435\u043c\u044b,&nbsp;\u041e\u043f\u0438\u0441\u0430\u043d\u0438e \u0441\u043c\u0435\u043c\u044b,&nbsp;\u041e\u043f\u0438\u0441\u0430\u043d\u0438e \u0441\u043c\u0435\u043c\u044b,&nbsp;</p>\r\n\r\n<p>&nbsp;</p>",
      "description_en": "<p>Lorem ipsum dolor sit amet, consectetuer adipiscing elit. Maecenas feugiat consequat diam. Maecenas metus. Vivamus diam purus, cursus a, commodo non, facilisis vitae, nulla. Aenean dictum lacinia tortor. Nunc iaculis, nibh non iaculis aliquam, orci felis euismod neque, sed ornare massa mauris sed velit. Nulla pretium mi et risus. Fusce mi pede, tempor id, cursus ac, ullamcorper nec, enim. Sed tortor. Curabitur molestie. Duis velit augue, condimentum at, ultrices a, luctus ut, orci. Donec pellentesque egestas eros. Integer cursus, augue in cursus faucibus, eros pede bibendum sem, in tempus tellus justo quis ligula. Etiam eget tortor. Vestibulum rutrum, est ut placerat elementum, lectus nisl aliquam velit, tempor aliquam eros nunc nonummy metus. In eros metus, gravida a, gravida sed, lobortis id, turpis. Ut ultrices, ipsum at venenatis fringilla, sem nulla lacinia tellus, eget aliquet turpis mauris non enim. Nam turpis. Suspendisse lacinia. Curabitur ac tortor ut ipsum egestas elementum. Nunc imperdiet gravida mauris.</p>",
      "price_currency": "USD",
      "price": "1222300.00",
      "sale_currency": "USD",
      "sale": "12223233.00",
      "count": 1,
      "type_product": "\u0412\u044f\u0437\u0430\u043d\u0430\u044f \u0438\u0433\u0440\u0443\u0448\u043a\u0430",
      "type_product_ru": "\u0412\u044f\u0437\u0430\u043d\u0430\u044f \u0438\u0433\u0440\u0443\u0448\u043a\u0430",
      "type_product_en": "Knits toy",
      "material": "\u0425\u043b\u043e\u043f\u043e\u043a",
      "material_ru": "\u0425\u043b\u043e\u043f\u043e\u043a",
      "material_en": "wolf",
      "included": "Included [ru]",
      "included_ru": "Included [ru]",
      "included_en": "Included [en]",
      "height": 120,
      "weight": 20,
      "author": 1,
      "colors": [
        1,
        2
      ],
      "categories": [
        1,
        2,
        3
      ]
    }
  },
  {
    "model": "shop.product",
    "pk": 10,
    "fields": {
      "title_seo": "Title Seo [ru] \u041e\u043f\u0438\u0441\u0430\u043d\u0438e \u0441\u043c\u0435\u043c\u044b",
      "title_seo_ru": "Title Seo [ru] \u041e\u043f\u0438\u0441\u0430\u043d\u0438e \u0441\u043c\u0435\u043c\u044b",
      "title_seo_en": "Title Seo [en]",
      "meta_keywords": "Keywords [ru] \u041e\u043f\u0438\u0441\u0430\u043d\u0438e \u0441\u043c\u0435\u043c\u044b,",
      "meta_keywords_ru": "Keywords [ru] \u041e\u043f\u0438\u0441\u0430\u043d\u0438e \u0441\u043c\u0435\u043c\u044b,",
      "meta_keywords_en": "Keywords [en]",
      "meta_description": "Description [ru]",
      "meta_description_ru": "Description [ru]",
      "meta_description_en": "Description [en]",
      "created_at": "2020-03-12T14:32:14.281Z",
      "update_at": "2020-03-15T17:28:44.853Z",
      "image_preview": "Snapseed_6_lTOmb2t.jpg",
      "image_alt": "Images Alt",
      "title": "\u0421\u0445\u0435\u043c\u0430 \u043d\u043e\u0441\u043a\u043e\u0432 7",
      "title_ru": "\u0421\u0445\u0435\u043c\u0430 \u043d\u043e\u0441\u043a\u043e\u0432 7",
      "title_en": "pattent noskov 7",
      "code": 100043246,
      "slug": "pattents_7",
      "is_active": true,
      "description": "<p>\u041e\u043f\u0438\u0441\u0430\u043d\u0438e \u0441\u043c\u0435\u043c\u044b,&nbsp;\u041e\u043f\u0438\u0441\u0430\u043d\u0438e \u0441\u043c\u0435\u043c\u044b,&nbsp;\u041e\u043f\u0438\u0441\u0430\u043d\u0438e \u0441\u043c\u0435\u043c\u044b,&nbsp;\u041e\u043f\u0438\u0441\u0430\u043d\u0438e \u0441\u043c\u0435\u043c\u044b,&nbsp;\u041e\u043f\u0438\u0441\u0430\u043d\u0438e \u0441\u043c\u0435\u043c\u044b,&nbsp;\u041e\u043f\u0438\u0441\u0430\u043d\u0438e \u0441\u043c\u0435\u043c\u044b,&nbsp;\u041e\u043f\u0438\u0441\u0430\u043d\u0438e \u0441\u043c\u0435\u043c\u044b,&nbsp;\u041e\u043f\u0438\u0441\u0430\u043d\u0438e \u0441\u043c\u0435\u043c\u044b,&nbsp;\u041e\u043f\u0438\u0441\u0430\u043d\u0438e \u0441\u043c\u0435\u043c\u044b,&nbsp;\u041e\u043f\u0438\u0441\u0430\u043d\u0438e \u0441\u043c\u0435\u043c\u044b,&nbsp;\u041e\u043f\u0438\u0441\u0430\u043d\u0438e \u0441\u043c\u0435\u043c\u044b,&nbsp;\u041e\u043f\u0438\u0441\u0430\u043d\u0438e \u0441\u043c\u0435\u043c\u044b,&nbsp;\u041e\u043f\u0438\u0441\u0430\u043d\u0438e \u0441\u043c\u0435\u043c\u044b,&nbsp;\u041e\u043f\u0438\u0441\u0430\u043d\u0438e \u0441\u043c\u0435\u043c\u044b,&nbsp;\u041e\u043f\u0438\u0441\u0430\u043d\u0438e \u0441\u043c\u0435\u043c\u044b,&nbsp;\u041e\u043f\u0438\u0441\u0430\u043d\u0438e \u0441\u043c\u0435\u043c\u044b,&nbsp;\u041e\u043f\u0438\u0441\u0430\u043d\u0438e \u0441\u043c\u0435\u043c\u044b,&nbsp;\u041e\u043f\u0438\u0441\u0430\u043d\u0438e \u0441\u043c\u0435\u043c\u044b,&nbsp;\u041e\u043f\u0438\u0441\u0430\u043d\u0438e \u0441\u043c\u0435\u043c\u044b,&nbsp;\u041e\u043f\u0438\u0441\u0430\u043d\u0438e \u0441\u043c\u0435\u043c\u044b,&nbsp;\u041e\u043f\u0438\u0441\u0430\u043d\u0438e \u0441\u043c\u0435\u043c\u044b,&nbsp;\u041e\u043f\u0438\u0441\u0430\u043d\u0438e \u0441\u043c\u0435\u043c\u044b,&nbsp;</p>\r\n\r\n<p>&nbsp;</p>",
      "description_ru": "<p>\u041e\u043f\u0438\u0441\u0430\u043d\u0438e \u0441\u043c\u0435\u043c\u044b,&nbsp;\u041e\u043f\u0438\u0441\u0430\u043d\u0438e \u0441\u043c\u0435\u043c\u044b,&nbsp;\u041e\u043f\u0438\u0441\u0430\u043d\u0438e \u0441\u043c\u0435\u043c\u044b,&nbsp;\u041e\u043f\u0438\u0441\u0430\u043d\u0438e \u0441\u043c\u0435\u043c\u044b,&nbsp;\u041e\u043f\u0438\u0441\u0430\u043d\u0438e \u0441\u043c\u0435\u043c\u044b,&nbsp;\u041e\u043f\u0438\u0441\u0430\u043d\u0438e \u0441\u043c\u0435\u043c\u044b,&nbsp;\u041e\u043f\u0438\u0441\u0430\u043d\u0438e \u0441\u043c\u0435\u043c\u044b,&nbsp;\u041e\u043f\u0438\u0441\u0430\u043d\u0438e \u0441\u043c\u0435\u043c\u044b,&nbsp;\u041e\u043f\u0438\u0441\u0430\u043d\u0438e \u0441\u043c\u0435\u043c\u044b,&nbsp;\u041e\u043f\u0438\u0441\u0430\u043d\u0438e \u0441\u043c\u0435\u043c\u044b,&nbsp;\u041e\u043f\u0438\u0441\u0430\u043d\u0438e \u0441\u043c\u0435\u043c\u044b,&nbsp;\u041e\u043f\u0438\u0441\u0430\u043d\u0438e \u0441\u043c\u0435\u043c\u044b,&nbsp;\u041e\u043f\u0438\u0441\u0430\u043d\u0438e \u0441\u043c\u0435\u043c\u044b,&nbsp;\u041e\u043f\u0438\u0441\u0430\u043d\u0438e \u0441\u043c\u0435\u043c\u044b,&nbsp;\u041e\u043f\u0438\u0441\u0430\u043d\u0438e \u0441\u043c\u0435\u043c\u044b,&nbsp;\u041e\u043f\u0438\u0441\u0430\u043d\u0438e \u0441\u043c\u0435\u043c\u044b,&nbsp;\u041e\u043f\u0438\u0441\u0430\u043d\u0438e \u0441\u043c\u0435\u043c\u044b,&nbsp;\u041e\u043f\u0438\u0441\u0430\u043d\u0438e \u0441\u043c\u0435\u043c\u044b,&nbsp;\u041e\u043f\u0438\u0441\u0430\u043d\u0438e \u0441\u043c\u0435\u043c\u044b,&nbsp;\u041e\u043f\u0438\u0441\u0430\u043d\u0438e \u0441\u043c\u0435\u043c\u044b,&nbsp;\u041e\u043f\u0438\u0441\u0430\u043d\u0438e \u0441\u043c\u0435\u043c\u044b,&nbsp;\u041e\u043f\u0438\u0441\u0430\u043d\u0438e \u0441\u043c\u0435\u043c\u044b,&nbsp;</p>\r\n\r\n<p>&nbsp;</p>",
      "description_en": "<p>Lorem ipsum dolor sit amet, consectetuer adipiscing elit. Maecenas feugiat consequat diam. Maecenas metus. Vivamus diam purus, cursus a, commodo non, facilisis vitae, nulla. Aenean dictum lacinia tortor. Nunc iaculis, nibh non iaculis aliquam, orci felis euismod neque, sed ornare massa mauris sed velit. Nulla pretium mi et risus. Fusce mi pede, tempor id, cursus ac, ullamcorper nec, enim. Sed tortor. Curabitur molestie. Duis velit augue, condimentum at, ultrices a, luctus ut, orci. Donec pellentesque egestas eros. Integer cursus, augue in cursus faucibus, eros pede bibendum sem, in tempus tellus justo quis ligula. Etiam eget tortor. Vestibulum rutrum, est ut placerat elementum, lectus nisl aliquam velit, tempor aliquam eros nunc nonummy metus. In eros metus, gravida a, gravida sed, lobortis id, turpis. Ut ultrices, ipsum at venenatis fringilla, sem nulla lacinia tellus, eget aliquet turpis mauris non enim. Nam turpis. Suspendisse lacinia. Curabitur ac tortor ut ipsum egestas elementum. Nunc imperdiet gravida mauris.</p>",
      "price_currency": "USD",
      "price": "1222300.00",
      "sale_currency": "USD",
      "sale": "12223233.00",
      "count": 1,
      "type_product": "\u0412\u044f\u0437\u0430\u043d\u0430\u044f \u0438\u0433\u0440\u0443\u0448\u043a\u0430",
      "type_product_ru": "\u0412\u044f\u0437\u0430\u043d\u0430\u044f \u0438\u0433\u0440\u0443\u0448\u043a\u0430",
      "type_product_en": "Knits toy",
      "material": "\u0425\u043b\u043e\u043f\u043e\u043a",
      "material_ru": "\u0425\u043b\u043e\u043f\u043e\u043a",
      "material_en": "wolf",
      "included": "Included [ru]",
      "included_ru": "Included [ru]",
      "included_en": "Included [en]",
      "height": 120,
      "weight": 20,
      "author": 1,
      "colors": [],
      "categories": [
        1,
        3
      ]
    }
  },
  {
    "model": "shop.product",
    "pk": 11,
    "fields": {
      "title_seo": null,
      "title_seo_ru": null,
      "title_seo_en": null,
      "meta_keywords": null,
      "meta_keywords_ru": null,
      "meta_keywords_en": null,
      "meta_description": null,
      "meta_description_ru": null,
      "meta_description_en": null,
      "created_at": "2020-03-15T17:43:55.734Z",
      "update_at": "2020-03-15T17:43:55.734Z",
      "image_preview": "Snapseed_9.jpg",
      "image_alt": "",
      "title": "\u0442\u043e\u043b\u044c\u043a\u0430 \u0440\u0443\u0441\u0441\u043a\u0438\u0439 \u044f\u0437\u044b\u043a",
      "title_ru": "\u0442\u043e\u043b\u044c\u043a\u0430 \u0440\u0443\u0441\u0441\u043a\u0438\u0439 \u044f\u0437\u044b\u043a",
      "title_en": null,
      "code": 123321,
      "slug": "tolka-russkij-yazyk",
      "is_active": true,
      "description": "<p>&nbsp;</p>\r\n\r\n<p>Description [ru]:</p>\r\n\r\n<p>&nbsp;</p>\r\n\r\n<p>Description [ru]:</p>\r\n\r\n<p>&nbsp;</p>",
      "description_ru": "<p>&nbsp;</p>\r\n\r\n<p>Description [ru]:</p>\r\n\r\n<p>&nbsp;</p>\r\n\r\n<p>Description [ru]:</p>\r\n\r\n<p>&nbsp;</p>",
      "description_en": "",
      "price_currency": "RU",
      "price": null,
      "sale_currency": "RU",
      "sale": null,
      "count": 1,
      "type_product": null,
      "type_product_ru": null,
      "type_product_en": null,
      "material": null,
      "material_ru": null,
      "material_en": null,
      "included": null,
      "included_ru": null,
      "included_en": null,
      "height": null,
      "weight": null,
      "author": null,
      "colors": [],
      "categories": []
    }
  },
  {
    "model": "shop.productphoto",
    "pk": 1,
    "fields": {
      "image_preview": "",
      "image_alt": "",
      "product": 11
    }
  },
  {
    "model": "shop.productphoto",
    "pk": 2,
    "fields": {
      "image_preview": "",
      "image_alt": "",
      "product": 11
    }
  },
  {
    "model": "shop.productphoto",
    "pk": 3,
    "fields": {
      "image_preview": "",
      "image_alt": "",
      "product": 11
    }
  },
  {
    "model": "shop.productcolor",
    "pk": 1,
    "fields": {
      "color": "#000000"
    }
  },
  {
    "model": "shop.productcolor",
    "pk": 2,
    "fields": {
      "color": "#0433ff"
    }
  },
  {
    "model": "shop.productcolor",
    "pk": 3,
    "fields": {
      "color": "#00f900"
    }
  },
  {
    "model": "shop.category",
    "pk": 1,
    "fields": {
      "title_seo": null,
      "title_seo_ru": null,
      "title_seo_en": null,
      "meta_keywords": null,
      "meta_keywords_ru": null,
      "meta_keywords_en": null,
      "meta_description": null,
      "meta_description_ru": null,
      "meta_description_en": null,
      "created_at": "2020-01-05T18:58:08.540Z",
      "update_at": "2020-01-05T18:58:08.540Z",
      "title": "\u0418\u0433\u0440\u0443\u0448\u043a\u0438",
      "title_ru": "\u0418\u0433\u0440\u0443\u0448\u043a\u0438",
      "title_en": "Toys",
      "slug": "Toys"
    }
  },
  {
    "model": "shop.category",
    "pk": 2,
    "fields": {
      "title_seo": "Knits",
      "title_seo_ru": "Knits",
      "title_seo_en": "Knits",
      "meta_keywords": "Knits",
      "meta_keywords_ru": "Knits",
      "meta_keywords_en": "Knits",
      "meta_description": "Knits",
      "meta_description_ru": "Knits",
      "meta_description_en": "Knits",
      "created_at": "2020-01-06T09:21:03.376Z",
      "update_at": "2020-01-06T09:21:03.376Z",
      "title": "\u041f\u0440\u044f\u0436\u0430",
      "title_ru": "\u041f\u0440\u044f\u0436\u0430",
      "title_en": "Knits",
      "slug": "Knits"
    }
  },
  {
    "model": "shop.category",
    "pk": 3,
    "fields": {
      "title_seo": "pattern",
      "title_seo_ru": "pattern",
      "title_seo_en": "pattern",
      "meta_keywords": "pattern",
      "meta_keywords_ru": "pattern",
      "meta_keywords_en": "pattern",
      "meta_description": "pattern",
      "meta_description_ru": "pattern",
      "meta_description_en": "pattern",
      "created_at": "2020-01-06T10:54:52.513Z",
      "update_at": "2020-01-06T10:54:52.513Z",
      "title": "\u0421\u0445\u0435\u043c\u0430",
      "title_ru": "\u0421\u0445\u0435\u043c\u0430",
      "title_en": "pattern",
      "slug": "shema"
    }
  },
  {
    "model": "shop.ordercartitem",
    "pk": 1,
    "fields": {
      "product": 1,
      "amount": 1
    }
  },
  {
    "model": "shop.ordercartitem",
    "pk": 2,
    "fields": {
      "product": 1,
      "amount": 1
    }
  },
  {
    "model": "shop.ordercartitem",
    "pk": 3,
    "fields": {
      "product": 2,
      "amount": 32767
    }
  },
  {
    "model": "shop.ordercartitem",
    "pk": 4,
    "fields": {
      "product": 1,
      "amount": 1
    }
  },
  {
    "model": "shop.ordercartitem",
    "pk": 5,
    "fields": {
      "product": 1,
      "amount": 1
    }
  },
  {
    "model": "shop.ordercartitem",
    "pk": 6,
    "fields": {
      "product": 1,
      "amount": 1
    }
  },
  {
    "model": "shop.ordercartitem",
    "pk": 7,
    "fields": {
      "product": 1,
      "amount": 1
    }
  },
  {
    "model": "shop.ordercartitem",
    "pk": 8,
    "fields": {
      "product": 1,
      "amount": 16
    }
  },
  {
    "model": "shop.ordercartitem",
    "pk": 9,
    "fields": {
      "product": 3,
      "amount": 55
    }
  },
  {
    "model": "shop.ordercartitem",
    "pk": 10,
    "fields": {
      "product": 1,
      "amount": 16
    }
  },
  {
    "model": "shop.ordercartitem",
    "pk": 11,
    "fields": {
      "product": 3,
      "amount": 55
    }
  },
  {
    "model": "shop.ordercartitem",
    "pk": 12,
    "fields": {
      "product": 1,
      "amount": 16
    }
  },
  {
    "model": "shop.ordercartitem",
    "pk": 13,
    "fields": {
      "product": 3,
      "amount": 55
    }
  },
  {
    "model": "shop.ordercartitem",
    "pk": 14,
    "fields": {
      "product": 1,
      "amount": 16
    }
  },
  {
    "model": "shop.ordercartitem",
    "pk": 15,
    "fields": {
      "product": 3,
      "amount": 55
    }
  },
  {
    "model": "shop.ordercartitem",
    "pk": 16,
    "fields": {
      "product": 1,
      "amount": 1
    }
  },
  {
    "model": "shop.ordercartitem",
    "pk": 17,
    "fields": {
      "product": 1,
      "amount": 16
    }
  },
  {
    "model": "shop.ordercartitem",
    "pk": 18,
    "fields": {
      "product": 3,
      "amount": 55
    }
  },
  {
    "model": "shop.ordercartitem",
    "pk": 19,
    "fields": {
      "product": 1,
      "amount": 1
    }
  },
  {
    "model": "shop.ordercartitem",
    "pk": 20,
    "fields": {
      "product": 1,
      "amount": 1
    }
  },
  {
    "model": "shop.ordercartitem",
    "pk": 21,
    "fields": {
      "product": 4,
      "amount": 1
    }
  },
  {
    "model": "shop.ordercartitem",
    "pk": 22,
    "fields": {
      "product": 3,
      "amount": 1
    }
  },
  {
    "model": "shop.ordercartitem",
    "pk": 23,
    "fields": {
      "product": 3,
      "amount": 1
    }
  },
  {
    "model": "shop.ordercartitem",
    "pk": 24,
    "fields": {
      "product": 4,
      "amount": 1
    }
  },
  {
    "model": "shop.ordercartitem",
    "pk": 25,
    "fields": {
      "product": 4,
      "amount": 1
    }
  },
  {
    "model": "shop.ordercartitem",
    "pk": 26,
    "fields": {
      "product": 4,
      "amount": 1
    }
  },
  {
    "model": "shop.ordercartitem",
    "pk": 27,
    "fields": {
      "product": 4,
      "amount": 1
    }
  },
  {
    "model": "shop.ordercartitem",
    "pk": 28,
    "fields": {
      "product": 4,
      "amount": 1
    }
  },
  {
    "model": "shop.ordercartitem",
    "pk": 29,
    "fields": {
      "product": 4,
      "amount": 1
    }
  },
  {
    "model": "shop.ordercartitem",
    "pk": 30,
    "fields": {
      "product": 1,
      "amount": 1
    }
  },
  {
    "model": "shop.ordercartitem",
    "pk": 31,
    "fields": {
      "product": 1,
      "amount": 1
    }
  },
  {
    "model": "shop.ordercartitem",
    "pk": 32,
    "fields": {
      "product": 4,
      "amount": 9
    }
  },
  {
    "model": "shop.ordercartitem",
    "pk": 33,
    "fields": {
      "product": 1,
      "amount": 1
    }
  },
  {
    "model": "shop.ordercartitem",
    "pk": 34,
    "fields": {
      "product": 4,
      "amount": 9
    }
  },
  {
    "model": "shop.ordercartitem",
    "pk": 35,
    "fields": {
      "product": 1,
      "amount": 1
    }
  },
  {
    "model": "shop.ordercartitem",
    "pk": 36,
    "fields": {
      "product": 4,
      "amount": 9
    }
  },
  {
    "model": "shop.ordercartitem",
    "pk": 37,
    "fields": {
      "product": 1,
      "amount": 1
    }
  },
  {
    "model": "shop.ordercartitem",
    "pk": 38,
    "fields": {
      "product": 4,
      "amount": 1
    }
  },
  {
    "model": "shop.ordercartitem",
    "pk": 39,
    "fields": {
      "product": 2,
      "amount": 1
    }
  },
  {
    "model": "shop.ordercartitem",
    "pk": 40,
    "fields": {
      "product": 2,
      "amount": 1
    }
  },
  {
    "model": "shop.ordercartitem",
    "pk": 41,
    "fields": {
      "product": 2,
      "amount": 1
    }
  },
  {
    "model": "shop.ordercartitem",
    "pk": 42,
    "fields": {
      "product": 1,
      "amount": 1
    }
  },
  {
    "model": "shop.ordercartitem",
    "pk": 43,
    "fields": {
      "product": 1,
      "amount": 1
    }
  },
  {
    "model": "shop.ordercartitem",
    "pk": 44,
    "fields": {
      "product": 4,
      "amount": 1
    }
  },
  {
    "model": "shop.ordercartitem",
    "pk": 45,
    "fields": {
      "product": 1,
      "amount": 1
    }
  },
  {
    "model": "shop.ordercartitem",
    "pk": 46,
    "fields": {
      "product": 1,
      "amount": 1
    }
  },
  {
    "model": "shop.ordercartitem",
    "pk": 47,
    "fields": {
      "product": 1,
      "amount": 1
    }
  },
  {
    "model": "shop.ordercartitem",
    "pk": 48,
    "fields": {
      "product": 1,
      "amount": 1
    }
  },
  {
    "model": "shop.ordercartitem",
    "pk": 49,
    "fields": {
      "product": 1,
      "amount": 1
    }
  },
  {
    "model": "shop.ordercartitem",
    "pk": 50,
    "fields": {
      "product": 1,
      "amount": 1
    }
  },
  {
    "model": "shop.ordercartitem",
    "pk": 51,
    "fields": {
      "product": 1,
      "amount": 1
    }
  },
  {
    "model": "shop.ordercartitem",
    "pk": 52,
    "fields": {
      "product": 1,
      "amount": 1
    }
  },
  {
    "model": "shop.ordercartitem",
    "pk": 53,
    "fields": {
      "product": 1,
      "amount": 1
    }
  },
  {
    "model": "shop.ordercartitem",
    "pk": 54,
    "fields": {
      "product": 1,
      "amount": 1
    }
  },
  {
    "model": "shop.ordercartitem",
    "pk": 55,
    "fields": {
      "product": 1,
      "amount": 1
    }
  },
  {
    "model": "shop.ordercartitem",
    "pk": 56,
    "fields": {
      "product": 1,
      "amount": 1
    }
  },
  {
    "model": "shop.ordercartitem",
    "pk": 57,
    "fields": {
      "product": 1,
      "amount": 1
    }
  },
  {
    "model": "shop.ordercartitem",
    "pk": 58,
    "fields": {
      "product": 1,
      "amount": 1
    }
  },
  {
    "model": "shop.ordercartitem",
    "pk": 59,
    "fields": {
      "product": 1,
      "amount": 11
    }
  },
  {
    "model": "shop.ordercartitem",
    "pk": 60,
    "fields": {
      "product": 1,
      "amount": 1
    }
  },
  {
    "model": "shop.ordercartitem",
    "pk": 61,
    "fields": {
      "product": 11,
      "amount": 1
    }
  },
  {
    "model": "shop.ordercartitem",
    "pk": 62,
    "fields": {
      "product": 11,
      "amount": 1
    }
  },
  {
    "model": "shop.ordercartitem",
    "pk": 63,
    "fields": {
      "product": 2,
      "amount": 1
    }
  },
  {
    "model": "shop.ordercartitem",
    "pk": 64,
    "fields": {
      "product": 3,
      "amount": 1
    }
  },
  {
    "model": "shop.ordercartitem",
    "pk": 65,
    "fields": {
      "product": 11,
      "amount": 1
    }
  },
  {
    "model": "shop.ordercartitem",
    "pk": 66,
    "fields": {
      "product": 11,
      "amount": 1
    }
  },
  {
    "model": "shop.ordercartitem",
    "pk": 67,
    "fields": {
      "product": 4,
      "amount": 4
    }
  },
  {
    "model": "shop.ordercartitem",
    "pk": 68,
    "fields": {
      "product": 2,
      "amount": 1
    }
  },
  {
    "model": "shop.ordercartitem",
    "pk": 69,
    "fields": {
      "product": 11,
      "amount": 1
    }
  },
  {
    "model": "shop.ordercartitem",
    "pk": 70,
    "fields": {
      "product": 4,
      "amount": 4
    }
  },
  {
    "model": "shop.ordercartitem",
    "pk": 71,
    "fields": {
      "product": 2,
      "amount": 1
    }
  },
  {
    "model": "shop.ordercartitem",
    "pk": 72,
    "fields": {
      "product": 11,
      "amount": 1
    }
  },
  {
    "model": "shop.ordercartitem",
    "pk": 73,
    "fields": {
      "product": 4,
      "amount": 4
    }
  },
  {
    "model": "shop.ordercartitem",
    "pk": 74,
    "fields": {
      "product": 2,
      "amount": 1
    }
  },
  {
    "model": "shop.ordercartitem",
    "pk": 75,
    "fields": {
      "product": 3,
      "amount": 0
    }
  },
  {
    "model": "shop.ordercartitem",
    "pk": 76,
    "fields": {
      "product": 3,
      "amount": 0
    }
  },
  {
    "model": "shop.ordercartitem",
    "pk": 77,
    "fields": {
      "product": 3,
      "amount": 0
    }
  },
  {
    "model": "shop.ordercartitem",
    "pk": 78,
    "fields": {
      "product": 11,
      "amount": 1
    }
  },
  {
    "model": "shop.ordercartitem",
    "pk": 79,
    "fields": {
      "product": 4,
      "amount": 4
    }
  },
  {
    "model": "shop.ordercartitem",
    "pk": 80,
    "fields": {
      "product": 2,
      "amount": 1
    }
  }
]